{
  "lane": 4,
  "samples": {
    "train": 23,
    "val": 14
  },
  "metrics": {
    "accuracy": 0.0,
    "exact_matches": 0,
    "total": 14,
    "mae": 96.15367455887642,
    "rmse": 109.399976863366,
    "r2": -0.4126298366363881
  },
  "best_equation": "PySRRegressor.equations_ = [\n\t   pick     score  ...        loss  complexity\n\t0        0.000000  ...  3690.31570           1\n\t1        0.210444  ...  2422.56000           3\n\t2        0.519622  ...  1440.80690           4\n\t3        0.547595  ...   833.27520           5\n\t4        0.001017  ...   831.58140           7\n\t5        0.010297  ...   823.06270           8\n\t6        0.115561  ...   733.23865           9\n\t7        0.464951  ...   460.59560          10\n\t8        0.108849  ...   370.48886          12\n\t9  >>>>  0.148652  ...   275.20602          14\n\t\n\t[10 rows x 5 columns]\n]",
  "status": "FAILED"
}