{
  "source": "btcpuzzle.info - December 2024",
  "verified_high_keys": {
    "66": {
      "hex": "0x2832ed74f2b5e35ee",
      "decimal": 46346217550346335726,
      "bit_range": 66,
      "min": 36893488147419103232,
      "max": 73786976294838206463,
      "position_pct": 25.62167438642828
    },
    "67": {
      "hex": "0x730fc235c1942c1ae",
      "decimal": 132656943602386256302,
      "bit_range": 67,
      "min": 73786976294838206464,
      "max": 147573952589676412927,
      "position_pct": 79.78368306124277
    },
    "68": {
      "hex": "0xbebb3940cd0fc1491",
      "decimal": 219898266213316039825,
      "bit_range": 68,
      "min": 147573952589676412928,
      "max": 295147905179352825855,
      "position_pct": 49.00886122142066
    },
    "69": {
      "hex": "0x101d83275fb2bc7e0c",
      "decimal": 297274491920375905804,
      "bit_range": 69,
      "min": 295147905179352825856,
      "max": 590295810358705651711,
      "position_pct": 0.7205156139362787
    },
    "70": {
      "hex": "0x349b84b6431a6c4ef1",
      "decimal": 970436974005023690481,
      "bit_range": 70,
      "min": 590295810358705651712,
      "max": 1180591620717411303423,
      "position_pct": 64.398418043204
    }
  },
  "verified_low_keys": {
    "1": 1,
    "2": 3,
    "3": 7,
    "4": 8,
    "5": 21,
    "6": 49,
    "7": 76,
    "8": 224,
    "9": 467,
    "10": 514,
    "11": 1155,
    "12": 2683,
    "13": 5216,
    "14": 10544
  }
}