{
  "hypothesis": "H2: Cryptographic Hash Function",
  "theory": "drift[k][lane] = hash_function(k, lane) mod 256",
  "results": {
    "standard_hashes": {
      "SHA256": {
        "encodings": {
          "str_concat": 0.0018115942028985507,
          "bytes_concat": 0.002717391304347826,
          "packed_little": 0.0009057971014492754,
          "packed_big": 0.002717391304347826
        },
        "best_encoding": "bytes_concat",
        "best_accuracy": 0.002717391304347826
      },
      "MD5": {
        "encodings": {
          "str_concat": 0.005434782608695652,
          "bytes_concat": 0.002717391304347826,
          "packed_little": 0.0018115942028985507,
          "packed_big": 0.002717391304347826
        },
        "best_encoding": "str_concat",
        "best_accuracy": 0.005434782608695652
      },
      "SHA1": {
        "encodings": {
          "str_concat": 0.0018115942028985507,
          "bytes_concat": 0.0018115942028985507,
          "packed_little": 0.0036231884057971015,
          "packed_big": 0.0018115942028985507
        },
        "best_encoding": "packed_little",
        "best_accuracy": 0.0036231884057971015
      },
      "SHA512": {
        "encodings": {
          "str_concat": 0.008152173913043478,
          "bytes_concat": 0.0036231884057971015,
          "packed_little": 0.002717391304347826,
          "packed_big": 0.0036231884057971015
        },
        "best_encoding": "str_concat",
        "best_accuracy": 0.008152173913043478
      },
      "RIPEMD160": {
        "encodings": {
          "str_concat": 0.005434782608695652,
          "bytes_concat": 0.004528985507246377,
          "packed_little": 0.002717391304347826,
          "packed_big": 0.004528985507246377
        },
        "best_encoding": "str_concat",
        "best_accuracy": 0.005434782608695652
      }
    },
    "bitcoin_hashes": {
      "HASH256": {
        "encodings": {
          "str_concat": 0.004528985507246377,
          "bytes_concat": 0.002717391304347826,
          "packed_little": 0.007246376811594203,
          "packed_big": 0.002717391304347826
        },
        "best_encoding": "packed_little",
        "best_accuracy": 0.007246376811594203
      },
      "HASH160": {
        "encodings": {
          "str_concat": 0.0036231884057971015,
          "bytes_concat": 0.004528985507246377,
          "packed_little": 0.002717391304347826,
          "packed_big": 0.004528985507246377
        },
        "best_encoding": "bytes_concat",
        "best_accuracy": 0.004528985507246377
      }
    },
    "salted_hashes": {
      "salt_0": 0.007246376811594203,
      "salt_1": 0.0036231884057971015,
      "salt_42": 0.0036231884057971015,
      "salt_123": 0.007246376811594203,
      "salt_255": 0.0018115942028985507,
      "salt_1337": 0.002717391304347826,
      "salt_12345": 0.0036231884057971015,
      "salt_4660": 0.002717391304347826,
      "salt_3735928559": 0.006340579710144928
    },
    "xor_combinations": {
      "sha256_xor": 0.0009057971014492754
    },
    "nth_byte_extraction": {
      "byte_0": 0.0018115942028985507,
      "byte_1": 0.0036231884057971015,
      "byte_2": 0.004528985507246377,
      "byte_3": 0.0018115942028985507,
      "byte_4": 0.007246376811594203,
      "byte_5": 0.0018115942028985507,
      "byte_6": 0.0018115942028985507,
      "byte_7": 0.010869565217391304,
      "byte_8": 0.004528985507246377,
      "byte_9": 0.0018115942028985507,
      "byte_10": 0.002717391304347826,
      "byte_11": 0.0036231884057971015,
      "byte_12": 0.0036231884057971015,
      "byte_13": 0.0018115942028985507,
      "byte_14": 0.004528985507246377,
      "byte_15": 0.0018115942028985507
    }
  },
  "best_approach": {
    "name": "SHA512 (str_concat)",
    "accuracy": 0.008152173913043478
  },
  "conclusion": "FAILED"
}