{
  "lane": 2,
  "samples": {
    "train": 39,
    "val": 14
  },
  "metrics": {
    "accuracy": 0.0,
    "exact_matches": 0,
    "total": 14,
    "mae": 67.22601285712325,
    "rmse": 83.72378262008566,
    "r2": -0.9685800905246078
  },
  "best_equation": "PySRRegressor.equations_ = [\n\t   pick     score  ...       loss  complexity\n\t0        0.000000  ...  5406.8620           1\n\t1        0.018614  ...  5209.2710           3\n\t2        0.338653  ...  3712.8037           4\n\t3        0.106615  ...  2999.8367           6\n\t4        0.016255  ...  2903.8823           8\n\t5        0.167500  ...  2456.0354           9\n\t6        0.027559  ...  2324.3290          11\n\t7        0.010072  ...  2301.0356          12\n\t8  >>>>  0.550506  ...  1326.9104          13\n\t9        0.016638  ...  1283.4824          15\n\t\n\t[10 rows x 5 columns]\n]",
  "status": "FAILED"
}