{
  "lane": 3,
  "samples": {
    "train": 31,
    "val": 14
  },
  "metrics": {
    "accuracy": 0.0,
    "exact_matches": 0,
    "total": 14,
    "mae": 72.72369155642848,
    "rmse": 100.23093264871646,
    "r2": -0.5681698096656227
  },
  "best_equation": "PySRRegressor.equations_ = [\n\t    pick     score  ...       loss  complexity\n\t0         0.000000  ...  5923.5386           1\n\t1         0.185424  ...  4088.1240           3\n\t2         0.076649  ...  3786.4814           4\n\t3         0.040747  ...  3635.2961           5\n\t4         0.080810  ...  3353.0852           6\n\t5         0.106294  ...  3014.9622           7\n\t6         0.075286  ...  2593.5190           9\n\t7         0.002784  ...  2586.3074          10\n\t8         0.090939  ...  2361.4878          11\n\t9   >>>>  0.130752  ...  2072.0530          12\n\t10        0.034287  ...  2002.2133          13\n\t\n\t[11 rows x 5 columns]\n]",
  "status": "FAILED"
}