{
  "lane": 0,
  "samples": {
    "train": 54,
    "val": 14
  },
  "metrics": {
    "accuracy": 0.0,
    "exact_matches": 0,
    "total": 14,
    "mae": 100.05838327952524,
    "rmse": 110.43952649385096,
    "r2": -1.101026740950641
  },
  "best_equation": "PySRRegressor.equations_ = [\n\t   pick     score  ...       loss  complexity\n\t0        0.000000  ...  6879.7970           1\n\t1        0.062887  ...  5696.9307           4\n\t2        0.056545  ...  5383.7383           5\n\t3        0.048217  ...  5130.3096           6\n\t4        0.025530  ...  5000.9883           7\n\t5        0.045912  ...  4776.5730           8\n\t6        0.101988  ...  4313.4380           9\n\t7  >>>>  0.104745  ...  3884.4844          10\n\t8        0.063380  ...  3422.0170          12\n\t9        0.044546  ...  3130.3296          14\n\t\n\t[10 rows x 5 columns]\n]",
  "status": "FAILED"
}