{
  "lane": 1,
  "samples": {
    "train": 47,
    "val": 14
  },
  "metrics": {
    "accuracy": 0.0,
    "exact_matches": 0,
    "total": 14,
    "mae": 72.8677742857143,
    "rmse": 82.43707576711171,
    "r2": -0.3924961568747374
  },
  "best_equation": "PySRRegressor.equations_ = [\n\t   pick         score  ...       loss  complexity\n\t0        0.000000e+00  ...  5953.6400           1\n\t1        1.204427e-02  ...  5811.9390           3\n\t2        5.516270e-02  ...  5500.0190           4\n\t3  >>>>  2.131588e-01  ...  4444.1685           5\n\t4        1.733666e-02  ...  4292.7153           7\n\t5        4.242504e-04  ...  4290.8945           8\n\t6        6.967500e-02  ...  4002.1040           9\n\t7        4.997372e-08  ...  4002.1038          10\n\t8        5.237437e-02  ...  3797.8906          11\n\t9        2.886342e-02  ...  3584.8584          13\n\t\n\t[10 rows x 5 columns]\n]",
  "status": "FAILED"
}